DFT Spectrum,  -
Numpoints, 2048
SamplingRate(Hz), 44100.000000
DFTresolution(Hz), 10.766602
Frequency(Hz), Magnitude(dB)
   10.767, -45.963665
   21.533, -45.982559
   32.300, -46.014076
   43.066, -46.058273
   53.833, -46.115211
   64.600, -46.184937
   75.366, -46.267494
   86.133, -46.362904
   96.899, -46.471138
  107.666, -46.592125
  118.433, -46.725700
  129.199, -46.871616
  139.966, -47.029522
  150.732, -47.198933
  161.499, -47.379215
  172.266, -47.569580
  183.032, -47.769062
  193.799, -47.976463
  204.565, -48.190380
  215.332, -48.409172
  226.099, -48.630928
  236.865, -48.853443
  247.632, -49.074234
  258.398, -49.290520
  269.165, -49.499233
  279.932, -49.697029
  290.698, -49.880341
  301.465, -50.045448
  312.231, -50.188568
  322.998, -50.305969
  333.765, -50.394127
  344.531, -50.449890
  355.298, -50.470642
  366.064, -50.454468
  376.831, -50.400291
  387.598, -50.307945
  398.364, -50.178223
  409.131, -50.012863
  419.897, -49.814438
  430.664, -49.586254
  441.431, -49.332207
  452.197, -49.056576
  462.964, -48.763885
  473.730, -48.458740
  484.497, -48.145687
  495.264, -47.829132
  506.030, -47.513245
  516.797, -47.201904
  527.563, -46.898697
  538.330, -46.606888
  549.097, -46.329445
  559.863, -46.069042
  570.630, -45.828102
  581.396, -45.608833
  592.163, -45.413246
  602.930, -45.243240
  613.696, -45.100594
  624.463, -44.987053
  635.229, -44.904339
  645.996, -44.854233
  656.763, -44.838577
  667.529, -44.859348
  678.296, -44.918671
  689.062, -45.018860
  699.829, -45.162418
  710.596, -45.352043
  721.362, -45.590542
  732.129, -45.880745
  742.896, -46.225163
  753.662, -46.625553
  764.429, -47.081917
  775.195, -47.590927
  785.962, -48.143158
  796.729, -48.718834
  807.495, -49.281944
  818.262, -49.774666
  829.028, -50.117950
  839.795, -50.227631
  850.562, -50.048332
  861.328, -49.584167
  872.095, -48.896507
  882.861, -48.071304
  893.628, -47.186569
  904.395, -46.298359
  915.161, -45.441345
  925.928, -44.634598
  936.694, -43.887299
  947.461, -43.202827
  958.228, -42.581337
  968.994, -42.021301
  979.761, -41.520344
  990.527, -41.075768
 1001.294, -40.684753
 1012.061, -40.344566
 1022.827, -40.052555
 1033.594, -39.806229
 1044.360, -39.603260
 1055.127, -39.441490
 1065.894, -39.318958
 1076.660, -39.233910
 1087.427, -39.184845
 1098.193, -39.170540
 1108.960, -39.190109
 1119.727, -39.243088
 1130.493, -39.329468
 1141.260, -39.449818
 1152.026, -39.605328
 1162.793, -39.797962
 1173.560, -40.030506
 1184.326, -40.306713
 1195.093, -40.631416
 1205.859, -41.010689
 1216.626, -41.452003
 1227.393, -41.964432
 1238.159, -42.558815
 1248.926, -43.247818
 1259.692, -44.045547
 1270.459, -44.965912
 1281.226, -46.017609
 1291.992, -47.190201
 1302.759, -48.419731
 1313.525, -49.521416
 1324.292, -50.138496
 1335.059, -49.920380
 1345.825, -48.909874
 1356.592, -47.488972
 1367.358, -45.989357
 1378.125, -44.570969
 1388.892, -43.286552
 1399.658, -42.143463
 1410.425, -41.133335
 1421.191, -40.243843
 1431.958, -39.462811
 1442.725, -38.779537
 1453.491, -38.184982
 1464.258, -37.671677
 1475.024, -37.233479
 1485.791, -36.865360
 1496.558, -36.563217
 1507.324, -36.323708
 1518.091, -36.144131
 1528.857, -36.022312
 1539.624, -35.956558
 1550.391, -35.945545
 1561.157, -35.988312
 1571.924, -36.084190
 1582.690, -36.232750
 1593.457, -36.433800
 1604.224, -36.687275
 1614.990, -36.993225
 1625.757, -37.351662
 1636.523, -37.762459
 1647.290, -38.225082
 1658.057, -38.738300
 1668.823, -39.299648
 1679.590, -39.904709
 1690.356, -40.546074
 1701.123, -41.211952
 1711.890, -41.884571
 1722.656, -42.538780
 1733.423, -43.141823
 1744.189, -43.655869
 1754.956, -44.044491
 1765.723, -44.282368
 1776.489, -44.363831
 1787.256, -44.305061
 1798.022, -44.138252
 1808.789, -43.901794
 1819.556, -43.631817
 1830.322, -43.357685
 1841.089, -43.100998
 1851.855, -42.876537
 1862.622, -42.693855
 1873.389, -42.558777
 1884.155, -42.474602
 1894.922, -42.442959
 1905.688, -42.464436
 1916.455, -42.538921
 1927.222, -42.665878
 1937.988, -42.844467
 1948.755, -43.073639
 1959.521, -43.352119
 1970.288, -43.678448
 1981.055, -44.050877
 1991.821, -44.467331
 2002.588, -44.925266
 2013.354, -45.421562
 2024.121, -45.952290
 2034.888, -46.512459
 2045.654, -47.095669
 2056.421, -47.693668
 2067.188, -48.295773
 2077.954, -48.888237
 2088.721, -49.453693
 2099.487, -49.970940
 2110.254, -50.415543
 2121.021, -50.761971
 2131.787, -50.987289
 2142.554, -51.076073
 2153.320, -51.024540
 2164.087, -50.842052
 2174.854, -50.548996
 2185.620, -50.172173
 2196.387, -49.739899
 2207.153, -49.278275
 2217.920, -48.809395
 2228.687, -48.350861
 2239.453, -47.916176
 2250.220, -47.515499
 2260.986, -47.156399
 2271.753, -46.844555
 2282.520, -46.584305
 2293.286, -46.379074
 2304.053, -46.231735
 2314.819, -46.144836
 2325.586, -46.120846
 2336.353, -46.162308
 2347.119, -46.272007
 2357.886, -46.453144
 2368.652, -46.709469
 2379.419, -47.045506
 2390.186, -47.466736
 2400.952, -47.979897
 2411.719, -48.593189
 2422.485, -49.316635
 2433.252, -50.162159
 2444.019, -51.143223
 2454.785, -52.272842
 2465.552, -53.557213
 2476.318, -54.977440
 2487.085, -56.443741
 2497.852, -57.710598
 2508.618, -58.348652
 2519.385, -58.049961
 2530.151, -57.013123
 2540.918, -55.679718
 2551.685, -54.342751
 2562.451, -53.118549
 2573.218, -52.035004
 2583.984, -51.087067
 2594.751, -50.260010
 2605.518, -49.537800
 2616.284, -48.905769
 2627.051, -48.351341
 2637.817, -47.863972
 2648.584, -47.434956
 2659.351, -47.057163
 2670.117, -46.724823
 2680.884, -46.433327
 2691.650, -46.179077
 2702.417, -45.959312
 2713.184, -45.772015
 2723.950, -45.615780
 2734.717, -45.489708
 2745.483, -45.393322
 2756.250, -45.326462
 2767.017, -45.289246
 2777.783, -45.281960
 2788.550, -45.305019
 2799.316, -45.358936
 2810.083, -45.444267
 2820.850, -45.561562
 2831.616, -45.711388
 2842.383, -45.894268
 2853.149, -46.110695
 2863.916, -46.361099
 2874.683, -46.645859
 2885.449, -46.965282
 2896.216, -47.319626
 2906.982, -47.709057
 2917.749, -48.133682
 2928.516, -48.593548
 2939.282, -49.088631
 2950.049, -49.618885
 2960.815, -50.184227
 2971.582, -50.784615
 2982.349, -51.420071
 2993.115, -52.090797
 3003.882, -52.797302
 3014.648, -53.540531
 3025.415, -54.322174
 3036.182, -55.144905
 3046.948, -56.012886
 3057.715, -56.932293
 3068.481, -57.912163
 3079.248, -58.965508
 3090.015, -60.111080
 3100.781, -61.376122
 3111.548, -62.801144
 3122.314, -64.448837
 3133.081, -66.422508
 3143.848, -68.909210
 3154.614, -72.300430
 3165.381, -77.610825
 3176.147, -85.602554
 3186.914, -78.485626
 3197.681, -72.951988
 3208.447, -69.537788
 3219.214, -67.109833
 3229.980, -65.244041
 3240.747, -63.743759
 3251.514, -62.503189
 3262.280, -61.459534
 3273.047, -60.572926
 3283.813, -59.816833
 3294.580, -59.173077
 3305.347, -58.628952
 3316.113, -58.175617
 3326.880, -57.807053
 3337.646, -57.519402
 3348.413, -57.310608
 3359.180, -57.180199
 3369.946, -57.129173
 3380.713, -57.160061
 3391.479, -57.277023
 3402.246, -57.486145
 3413.013, -57.795864
 3423.779, -58.217636
 3434.546, -58.766930
 3445.312, -59.464729
 3456.079, -60.339630
 3466.846, -61.430695
 3477.612, -62.789780
 3488.379, -64.476265
 3499.146, -66.506859
 3509.912, -68.599434
 3520.679, -69.537086
 3531.445, -68.165573
 3542.212, -65.694191
 3552.979, -63.305229
 3563.745, -61.262604
 3574.512, -59.546326
 3585.278, -58.097046
 3596.045, -56.863464
 3606.812, -55.806999
 3617.578, -54.899414
 3628.345, -54.119946
 3639.111, -53.453247
 3649.878, -52.887856
 3660.645, -52.415215
 3671.411, -52.028976
 3682.178, -51.724541
 3692.944, -51.498726
 3703.711, -51.349571
 3714.478, -51.276218
 3725.244, -51.278854
 3736.011, -51.358719
 3746.777, -51.518188
 3757.544, -51.760925
 3768.311, -52.092094
 3779.077, -52.518818
 3789.844, -53.050690
 3800.610, -53.700729
 3811.377, -54.486740
 3822.144, -55.433571
 3832.910, -56.576920
 3843.677, -57.969940
 3854.443, -59.695267
 3865.210, -61.887165
 3875.977, -64.762733
 3886.743, -68.521065
 3897.510, -71.496086
 3908.276, -69.090614
 3919.043, -65.354355
 3929.810, -62.483479
 3940.576, -60.325653
 3951.343, -58.653053
 3962.109, -57.322895
 3972.876, -56.247440
 3983.643, -55.370365
 3994.409, -54.653862
 4005.176, -54.071495
 4015.942, -53.604214
 4026.709, -53.237942
 4037.476, -52.962086
 4048.242, -52.768581
 4059.009, -52.651253
 4069.775, -52.605400
 4080.542, -52.627495
 4091.309, -52.714966
 4102.075, -52.866058
 4112.842, -53.079754
 4123.608, -53.355671
 4134.375, -53.694050
 4145.142, -54.095703
 4155.908, -54.562035
 4166.675, -55.095013
 4177.441, -55.697201
 4188.208, -56.371750
 4198.975, -57.122410
 4209.741, -57.953514
 4220.508, -58.869884
 4231.274, -59.876663
 4242.041, -60.978912
 4252.808, -62.180809
 4263.574, -63.484169
 4274.341, -64.885635
 4285.107, -66.371841
 4295.874, -67.911667
 4306.641, -69.446693
 4317.407, -70.885513
 4328.174, -72.116745
 4338.940, -73.051537
 4349.707, -73.670082
 4360.474, -74.019135
 4371.240, -74.156189
 4382.007, -74.096420
 4392.773, -73.804115
 4403.540, -73.231216
 4414.307, -72.373795
 4425.073, -71.294960
 4435.840, -70.095428
 4446.606, -68.870316
 4457.373, -67.687187
 4468.140, -66.585808
 4478.906, -65.586060
 4489.673, -64.695747
 4500.439, -63.916012
 4511.206, -63.244587
 4521.973, -62.677662
 4532.739, -62.210777
 4543.506, -61.839291
 4554.272, -61.558483
 4565.039, -61.363495
 4575.806, -61.249115
 4586.572, -61.209427
 4597.339, -61.237320
 4608.105, -61.323864
 4618.872, -61.457630
 4629.639, -61.623932
 4640.405, -61.804379
 4651.172, -61.977005
 4661.938, -62.117603
 4672.705, -62.202499
 4683.472, -62.212730
 4694.238, -62.138206
 4705.005, -61.980198
 4715.771, -61.750801
 4726.538, -61.469650
 4737.305, -61.159565
 4748.071, -60.842735
 4758.838, -60.538422
 4769.604, -60.262093
 4780.371, -60.025497
 4791.138, -59.837276
 4801.904, -59.703629
 4812.671, -59.629047
 4823.438, -59.616852
 4834.204, -59.669662
 4844.971, -59.789730
 4855.737, -59.979244
 4866.504, -60.240543
 4877.271, -60.576313
 4888.037, -60.989792
 4898.804, -61.484985
 4909.570, -62.066895
 4920.337, -62.741829
 4931.104, -63.517830
 4941.870, -64.405266
 4952.637, -65.417679
 4963.403, -66.573151
 4974.170, -67.896385
 4984.937, -69.422417
 4995.703, -71.203209
 5006.470, -73.320885
 5017.236, -75.917336
 5028.003, -79.273361
 5038.770, -84.087997
 5049.536, -93.290901
 5060.303, -97.306633
 5071.069, -87.353996
 5081.836, -83.553978
 5092.603, -81.464584
 5103.369, -80.209183
 5114.136, -79.435890
 5124.902, -78.937035
 5135.669, -78.546295
 5146.436, -78.111931
 5157.202, -77.514320
 5167.969, -76.703888
 5178.735, -75.713730
 5189.502, -74.626656
 5200.269, -73.528839
 5211.035, -72.484711
 5221.802, -71.533951
 5232.568, -70.698013
 5243.335, -69.987183
 5254.102, -69.405914
 5264.868, -68.955956
 5275.635, -68.638123
 5286.401, -68.453125
 5297.168, -68.401680
 5307.935, -68.483543
 5318.701, -68.695488
 5329.468, -69.026260
 5340.234, -69.447151
 5351.001, -69.895294
 5361.768, -70.253151
 5372.534, -70.346970
 5383.301, -70.010429
 5394.067, -69.201683
 5404.834, -68.038734
 5415.601, -66.700935
 5426.367, -65.330505
 5437.134, -64.009140
 5447.900, -62.774422
 5458.667, -61.639351
 5469.434, -60.605034
 5480.200, -59.667336
 5490.967, -58.820236
 5501.733, -58.057320
 5512.500, -57.372475
 5523.267, -56.760147
 5534.033, -56.215374
 5544.800, -55.733833
 5555.566, -55.311745
 5566.333, -54.945839
 5577.100, -54.633301
 5587.866, -54.371708
 5598.633, -54.159012
 5609.399, -53.993500
 5620.166, -53.873745
 5630.933, -53.798637
 5641.699, -53.767334
 5652.466, -53.779285
 5663.232, -53.834206
 5673.999, -53.932121
 5684.766, -54.073360
 5695.532, -54.258610
 5706.299, -54.488930
 5717.065, -54.765808
 5727.832, -55.091259
 5738.599, -55.467873
 5749.365, -55.898983
 5760.132, -56.388775
 5770.898, -56.942574
 5781.665, -57.567093
 5792.432, -58.270866
 5803.198, -59.064850
 5813.965, -59.963234
 5824.731, -60.984661
 5835.498, -62.153831
 5846.265, -63.503624
 5857.031, -65.076920
 5867.798, -66.923622
 5878.564, -69.072273
 5889.331, -71.388557
 5900.098, -73.129524
 5910.864, -72.974213
 5921.631, -71.190666
 5932.397, -69.097366
 5943.164, -67.236450
 5953.931, -65.676620
 5964.697, -64.378052
 5975.464, -63.291355
 5986.230, -62.375839
 5996.997, -61.600391
 6007.764, -60.941437
 6018.530, -60.380894
 6029.297, -59.904644
 6040.063, -59.501431
 6050.830, -59.162075
 6061.597, -58.878933
 6072.363, -58.645512
 6083.130, -58.456188
 6093.896, -58.306004
 6104.663, -58.190533
 6115.430, -58.105782
 6126.196, -58.048130
 6136.963, -58.014294
 6147.729, -58.001320
 6158.496, -58.006577
 6169.263, -58.027794
 6180.029, -58.063061
 6190.796, -58.110878
 6201.562, -58.170158
 6212.329, -58.240257
 6223.096, -58.320999
 6233.862, -58.412663
 6244.629, -58.515980
 6255.396, -58.632133
 6266.162, -58.762730
 6276.929, -58.909790
 6287.695, -59.075733
 6298.462, -59.263378
 6309.229, -59.475933
 6319.995, -59.717037
 6330.762, -59.990807
 6341.528, -60.301903
 6352.295, -60.655640
 6363.062, -61.058159
 6373.828, -61.516663
 6384.595, -62.039711
 6395.361, -62.637695
 6406.128, -63.323467
 6416.895, -64.113281
 6427.661, -65.028145
 6438.428, -66.095718
 6449.194, -67.353012
 6459.961, -68.849045
 6470.728, -70.643326
 6481.494, -72.776733
 6492.261, -75.106277
 6503.027, -76.745872
 6513.794, -76.204727
 6524.561, -74.063431
 6535.327, -71.768646
 6546.094, -69.783516
 6556.860, -68.131371
 6567.627, -66.756516
 6578.394, -65.604477
 6589.160, -64.633163
 6599.927, -63.811462
 6610.693, -63.116337
 6621.460, -62.530533
 6632.227, -62.040909
 6642.993, -61.637280
 6653.760, -61.311661
 6664.526, -61.057678
 6675.293, -60.870205
 6686.060, -60.745033
 6696.826, -60.678696
 6707.593, -60.668274
 6718.359, -60.711304
 6729.126, -60.805622
 6739.893, -60.949333
 6750.659, -61.140678
 6761.426, -61.377998
 6772.192, -61.659653
 6782.959, -61.983932
 6793.726, -62.348984
 6804.492, -62.752716
 6815.259, -63.192734
 6826.025, -63.666164
 6836.792, -64.169640
 6847.559, -64.699081
 6858.325, -65.249672
 6869.092, -65.815773
 6879.858, -66.390915
 6890.625, -66.967896
 6901.392, -67.538986
 6912.158, -68.096298
 6922.925, -68.632294
 6933.691, -69.140289
 6944.458, -69.615082
 6955.225, -70.053337
 6965.991, -70.453705
 6976.758, -70.816742
 6987.524, -71.144470
 6998.291, -71.439842
 7009.058, -71.706093
 7019.824, -71.946243
 7030.591, -72.162766
 7041.357, -72.357384
 7052.124, -72.531227
 7062.891, -72.684898
 7073.657, -72.818909
 7084.424, -72.933929
 7095.190, -73.031105
 7105.957, -73.112350
 7116.724, -73.180298
 7127.490, -73.238350
 7138.257, -73.290466
 7149.023, -73.341064
 7159.790, -73.394524
 7170.557, -73.455132
 7181.323, -73.526665
 7192.090, -73.612389
 7202.856, -73.714653
 7213.623, -73.834854
 7224.390, -73.973259
 7235.156, -74.128899
 7245.923, -74.299301
 7256.689, -74.480408
 7267.456, -74.666443
 7278.223, -74.849823
 7288.989, -75.021248
 7299.756, -75.170097
 7310.522, -75.285095
 7321.289, -75.355431
 7332.056, -75.371956
 7342.822, -75.328613
 7353.589, -75.223373
 7364.355, -75.058556
 7375.122, -74.840279
 7385.889, -74.577560
 7396.655, -74.280861
 7407.422, -73.960968
 7418.188, -73.627991
 7428.955, -73.290787
 7439.722, -72.956741
 7450.488, -72.631760
 7461.255, -72.320381
 7472.021, -72.025970
 7482.788, -71.750961
 7493.555, -71.496986
 7504.321, -71.265114
 7515.088, -71.055984
 7525.854, -70.869926
 7536.621, -70.707077
 7547.388, -70.567482
 7558.154, -70.451210
 7568.921, -70.358376
 7579.688, -70.289307
 7590.454, -70.244537
 7601.221, -70.224937
 7611.987, -70.231766
 7622.754, -70.266693
 7633.521, -70.331863
 7644.287, -70.430000
 7655.054, -70.564308
 7665.820, -70.738647
 7676.587, -70.957451
 7687.354, -71.225739
 7698.120, -71.549225
 7708.887, -71.934090
 7719.653, -72.387047
 7730.420, -72.914894
 7741.187, -73.523888
 7751.953, -74.218262
 7762.720, -74.997253
 7773.486, -75.849098
 7784.253, -76.740494
 7795.020, -77.600067
 7805.786, -78.304726
 7816.553, -78.695305
 7827.319, -78.653465
 7838.086, -78.191551
 7848.853, -77.443985
 7859.619, -76.571983
 7870.386, -75.695427
 7881.152, -74.883614
 7891.919, -74.170723
 7902.686, -73.571548
 7913.452, -73.091560
 7924.219, -72.732399
 7934.985, -72.494789
 7945.752, -72.380119
 7956.519, -72.391266
 7967.285, -72.533455
 7978.052, -72.814850
 7988.818, -73.247688
 7999.585, -73.849586
 8010.352, -74.645866
 8021.118, -75.672813
 8031.885, -76.982780
 8042.651, -78.649445
 8053.418, -80.761604
 8064.185, -83.322662
 8074.951, -85.655220
 8085.718, -85.604721
 8096.484, -83.217743
 8107.251, -80.636375
 8118.018, -78.510292
 8128.784, -76.832352
 8139.551, -75.515236
 8150.317, -74.487572
 8161.084, -73.699593
 8171.851, -73.117950
 8182.617, -72.720879
 8193.384, -72.495171
 8204.150, -72.434387
 8214.917, -72.538071
 8225.684, -72.811829
 8236.450, -73.268257
 8247.217, -73.929024
 8257.983, -74.829109
 8268.750, -76.025024
 8279.517, -77.611320
 8290.283, -79.757957
 8301.050, -82.803055
 8311.816, -87.458115
 8322.583, -92.663628
 8333.350, -87.854218
 8344.116, -82.946373
 8354.883, -79.720741
 8365.649, -77.430199
 8376.416, -75.714188
 8387.183, -74.392113
 8397.949, -73.363113
 8408.716, -72.565880
 8419.482, -71.960815
 8430.249, -71.521210
 8441.016, -71.228218
 8451.782, -71.068138
 8462.549, -71.030434
 8473.315, -71.106110
 8484.082, -71.286392
 8494.849, -71.560860
 8505.615, -71.915176
 8516.382, -72.328087
 8527.148, -72.767723
 8537.915, -73.188576
 8548.682, -73.532188
 8559.448, -73.735794
 8570.215, -73.750999
 8580.981, -73.563515
 8591.748, -73.199585
 8602.515, -72.712860
 8613.281, -72.163170
 8624.048, -71.601318
 8634.814, -71.063698
 8645.581, -70.573349
 8656.348, -70.143265
 8667.114, -69.779610
 8677.881, -69.484100
 8688.647, -69.255562
 8699.414, -69.090889
 8710.181, -68.985519
 8720.947, -68.933754
 8731.714, -68.928726
 8742.480, -68.962570
 8753.247, -69.026398
 8764.014, -69.110504
 8774.780, -69.204697
 8785.547, -69.298874
 8796.313, -69.383827
 8807.080, -69.452095
 8817.847, -69.498863
 8828.613, -69.522423
 8839.380, -69.524429
 8850.146, -69.509369
 8860.913, -69.483910
 8871.680, -69.455917
 8882.446, -69.433517
 8893.213, -69.424324
 8903.979, -69.434914
 8914.746, -69.470467
 8925.513, -69.534592
 8936.279, -69.629326
 8947.046, -69.754990
 8957.812, -69.910400
 8968.579, -70.092819
 8979.346, -70.298141
 8990.112, -70.521202
 9000.879, -70.756004
 9011.646, -70.996460
 9022.412, -71.237053
 9033.179, -71.473640
 9043.945, -71.704414
 9054.712, -71.930466
 9065.479, -72.156151
 9076.245, -72.389030
 9087.012, -72.639656
 9097.778, -72.920853
 9108.545, -73.247421
 9119.312, -73.635803
 9130.078, -74.104134
 9140.845, -74.672775
 9151.611, -75.365166
 9162.378, -76.209312
 9173.145, -77.239777
 9183.911, -78.499008
 9194.678, -80.034729
 9205.444, -81.875198
 9216.211, -83.912354
 9226.978, -85.531181
 9237.744, -85.506439
 9248.511, -83.817558
 9259.277, -81.691071
 9270.044, -79.760422
 9280.811, -78.141983
 9291.577, -76.811470
 9302.344, -75.724724
 9313.110, -74.843315
 9323.877, -74.137688
 9334.644, -73.585945
 9345.410, -73.171814
 9356.177, -72.883476
 9366.943, -72.712524
 9377.710, -72.653130
 9388.477, -72.701775
 9399.243, -72.856926
 9410.010, -73.119095
 9420.776, -73.490883
 9431.543, -73.977180
 9442.310, -74.585953
 9453.076, -75.329361
 9463.843, -76.225014
 9474.609, -77.299126
 9485.376, -78.590790
 9496.143, -80.159348
 9506.909, -82.095650
 9517.676, -84.526344
 9528.442, -87.513603
 9539.209, -90.167900
 9549.976, -89.438194
 9560.742, -86.299255
 9571.509, -83.340355
 9582.275, -80.929932
 9593.042, -78.947655
 9603.809, -77.272568
 9614.575, -75.822090
 9625.342, -74.542122
 9636.108, -73.396667
 9646.875, -72.361565
 9657.642, -71.420181
 9668.408, -70.560928
 9679.175, -69.775551
 9689.941, -69.058044
 9700.708, -68.403954
 9711.475, -67.809830
 9722.241, -67.272949
 9733.008, -66.791023
 9743.774, -66.362122
 9754.541, -65.984467
 9765.308, -65.656471
 9776.074, -65.376549
 9786.841, -65.143173
 9797.607, -64.954781
 9808.374, -64.809769
 9819.141, -64.706398
 9829.907, -64.642845
 9840.674, -64.617088
 9851.440, -64.626938
 9862.207, -64.669945
 9872.974, -64.743439
 9883.740, -64.844460
 9894.507, -64.969879
 9905.273, -65.116295
 9916.040, -65.280266
 9926.807, -65.458305
 9937.573, -65.647141
 9948.340, -65.843864
 9959.106, -66.046188
 9969.873, -66.252655
 9980.640, -66.462845
 9991.406, -66.677521
10002.173, -66.898735
10012.939, -67.129768
10023.706, -67.375137
10034.473, -67.640442
10045.239, -67.932297
10056.006, -68.258209
10066.772, -68.626564
10077.539, -69.046730
10088.306, -69.529266
10099.072, -70.086212
10109.839, -70.731743
10120.605, -71.483017
10131.372, -72.361427
10142.139, -73.394363
10152.905, -74.617691
10163.672, -76.077766
10174.438, -77.829185
10185.205, -79.905563
10195.972, -82.167168
10206.738, -83.808502
10217.505, -83.440491
10228.271, -81.468185
10239.038, -79.265961
10249.805, -77.339951
10260.571, -75.738258
10271.338, -74.414070
10282.104, -73.315826
10292.871, -72.402542
10303.638, -71.643318
10314.404, -71.015129
10325.171, -70.500641
10335.938, -70.086533
10346.704, -69.762558
10357.471, -69.520607
10368.237, -69.354195
10379.004, -69.258209
10389.771, -69.228409
10400.537, -69.261368
10411.304, -69.354271
10422.070, -69.504829
10432.837, -69.711098
10443.604, -69.971550
10454.370, -70.284828
10465.137, -70.649963
10475.903, -71.066101
10486.670, -71.532631
10497.437, -72.049088
10508.203, -72.615250
10518.970, -73.231033
10529.736, -73.896660
10540.503, -74.612518
10551.270, -75.379463
10562.036, -76.198715
10572.803, -77.072113
10583.569, -78.002319
10594.336, -78.992996
10605.103, -80.049324
10615.869, -81.178490
10626.636, -82.390022
10637.402, -83.697182
10648.169, -85.117188
10658.936, -86.671494
10669.702, -88.383240
10680.469, -90.264824
10691.235, -92.273636
10702.002, -94.186478
10712.769, -95.414482
10723.535, -95.323883
10734.302, -94.147919
10745.068, -92.614937
10755.835, -91.141441
10766.602, -89.852623
10777.368, -88.763321
10788.135, -87.860092
10798.901, -87.126923
10809.668, -86.551331
10820.435, -86.126312
10831.201, -85.850807
10841.968, -85.728882
10852.734, -85.771378
10863.501, -85.997185
10874.268, -86.436478
10885.034, -87.137497
10895.801, -88.179222
10906.567, -89.700493
10917.334, -91.972366
10928.101, -95.607399
10938.867, -101.794609
10949.634, -100.349602
10960.400, -93.544205
10971.167, -89.188889
10981.934, -86.078644
10992.700, -83.663536
11003.467, -81.693901
11014.233, -80.038132
11025.000, -78.618553
11035.767, -77.385582
11046.533, -76.305550
11057.300, -75.354347
11068.066, -74.514168
11078.833, -73.771255
11089.600, -73.114677
11100.366, -72.535515
11111.133, -72.026253
11121.899, -71.580376
11132.666, -71.192131
11143.433, -70.856247
11154.199, -70.567856
11164.966, -70.322304
11175.732, -70.115143
11186.499, -69.942101
11197.266, -69.798943
11208.032, -69.681686
11218.799, -69.586456
11229.565, -69.509659
11240.332, -69.447983
11251.099, -69.398560
11261.865, -69.358963
11272.632, -69.327301
11283.398, -69.302223
11294.165, -69.282936
11304.932, -69.269188
11315.698, -69.261131
11326.465, -69.259338
11337.231, -69.264565
11347.998, -69.277748
11358.765, -69.299889
11369.531, -69.331879
11380.298, -69.374565
11391.064, -69.428642
11401.831, -69.494568
11412.598, -69.572739
11423.364, -69.663338
11434.131, -69.766487
11444.897, -69.882187
11455.664, -70.010414
11466.431, -70.151100
11477.197, -70.304123
11487.964, -70.469269
11498.730, -70.646118
11509.497, -70.833939
11520.264, -71.031395
11531.030, -71.236389
11541.797, -71.445641
11552.563, -71.654480
11563.330, -71.856369
11574.097, -72.042892
11584.863, -72.203728
11595.630, -72.327209
11606.396, -72.401291
11617.163, -72.415245
11627.930, -72.361374
11638.696, -72.236633
11649.463, -72.043587
11660.229, -71.789948
11670.996, -71.487480
11681.763, -71.150108
11692.529, -70.792168
11703.296, -70.427078
11714.062, -70.066528
11724.829, -69.720131
11735.596, -69.395508
11746.362, -69.098404
11757.129, -68.833069
11767.896, -68.602493
11778.662, -68.408638
11789.429, -68.252716
11800.195, -68.135277
11810.962, -68.056389
11821.729, -68.015686
11832.495, -68.012375
11843.262, -68.045387
11854.028, -68.113228
11864.795, -68.214050
11875.562, -68.345604
11886.328, -68.505142
11897.095, -68.689445
11907.861, -68.894768
11918.628, -69.116707
11929.395, -69.350403
11940.161, -69.590401
11950.928, -69.830910
11961.694, -70.065941
11972.461, -70.289574
11983.228, -70.496353
11993.994, -70.681732
12004.761, -70.842209
12015.527, -70.975952
12026.294, -71.082573
12037.061, -71.163315
12047.827, -71.220764
12058.594, -71.258476
12069.360, -71.280685
12080.127, -71.291924
12090.894, -71.296577
12101.660, -71.298912
12112.427, -71.302650
12123.193, -71.311096
12133.960, -71.326988
12144.727, -71.352562
12155.493, -71.389702
12166.260, -71.439789
12177.026, -71.503876
12187.793, -71.582840
12198.560, -71.677231
12209.326, -71.787384
12220.093, -71.913361
12230.859, -72.055138
12241.626, -72.212341
12252.393, -72.384338
12263.159, -72.570251
12273.926, -72.768730
12284.692, -72.978081
12295.459, -73.196045
12306.226, -73.419838
12316.992, -73.646072
12327.759, -73.870834
12338.525, -74.089630
12349.292, -74.297714
12360.059, -74.490059
12370.825, -74.661949
12381.592, -74.809235
12392.358, -74.928719
12403.125, -75.018669
12413.892, -75.078934
12424.658, -75.111015
12435.425, -75.118256
12446.191, -75.105034
12456.958, -75.076874
12467.725, -75.039917
12478.491, -75.000313
12489.258, -74.964233
12500.024, -74.937454
12510.791, -74.925247
12521.558, -74.932526
12532.324, -74.963432
12543.091, -75.021759
12553.857, -75.110817
12564.624, -75.233635
12575.391, -75.392815
12586.157, -75.590866
12596.924, -75.829948
12607.690, -76.112175
12618.457, -76.439445
12629.224, -76.813416
12639.990, -77.235580
12650.757, -77.707069
12661.523, -78.228432
12672.290, -78.799255
12683.057, -79.417854
12693.823, -80.080185
12704.590, -80.778755
12715.356, -81.501053
12726.123, -82.227272
12736.890, -82.928482
12747.656, -83.565422
12758.423, -84.091415
12769.189, -84.460350
12779.956, -84.639366
12790.723, -84.620255
12801.489, -84.422043
12812.256, -84.082222
12823.022, -83.643929
12833.789, -83.145660
12844.556, -82.617012
12855.322, -82.078522
12866.089, -81.543846
12876.855, -81.021507
12887.622, -80.517044
12898.389, -80.034317
12909.155, -79.576050
12919.922, -79.144646
12930.688, -78.742104
12941.455, -78.370361
12952.222, -78.031059
12962.988, -77.725693
12973.755, -77.455460
12984.521, -77.221222
12995.288, -77.023376
13006.055, -76.861961
13016.821, -76.736420
13027.588, -76.645676
13038.354, -76.587990
13049.121, -76.561050
13059.888, -76.561790
13070.654, -76.586517
13081.421, -76.630898
13092.188, -76.690086
13102.954, -76.758919
13113.721, -76.832237
13124.487, -76.905136
13135.254, -76.973473
13146.021, -77.034187
13156.787, -77.085548
13167.554, -77.127357
13178.320, -77.160744
13189.087, -77.188011
13199.854, -77.212128
13210.620, -77.236115
13221.387, -77.262543
13232.153, -77.292915
13242.920, -77.327179
13253.687, -77.363190
13264.453, -77.396530
13275.220, -77.420471
13285.986, -77.426170
13296.753, -77.403336
13307.520, -77.341583
13318.286, -77.231812
13329.053, -77.067970
13339.819, -76.848396
13350.586, -76.576134
13361.353, -76.258736
13372.119, -75.906853
13382.886, -75.532692
13393.652, -75.148590
13404.419, -74.765839
13415.186, -74.394089
13425.952, -74.041061
13436.719, -73.712654
13447.485, -73.413055
13458.252, -73.145111
13469.019, -72.910362
13479.785, -72.709541
13490.552, -72.542580
13501.318, -72.408844
13512.085, -72.307304
13522.852, -72.236610
13533.618, -72.195221
13544.385, -72.181511
13555.151, -72.193840
13565.918, -72.230659
13576.685, -72.290573
13587.451, -72.372406
13598.218, -72.475304
13608.984, -72.598663
13619.751, -72.742203
13630.518, -72.905983
13641.284, -73.090248
13652.051, -73.295418
13662.817, -73.522003
13673.584, -73.770355
13684.351, -74.040642
13695.117, -74.332504
13705.884, -74.644981
13716.650, -74.976288
13727.417, -75.323471
13738.184, -75.682487
13748.950, -76.047897
13759.717, -76.413040
13770.483, -76.770294
13781.250, -77.111549
13792.017, -77.429092
13802.783, -77.716599
13813.550, -77.970047
13824.316, -78.188683
13835.083, -78.375168
13845.850, -78.535332
13856.616, -78.677605
13867.383, -78.811775
13878.149, -78.948059
13888.916, -79.096222
13899.683, -79.264923
13910.449, -79.461372
13921.216, -79.691071
13931.982, -79.957695
13942.749, -80.263191
13953.516, -80.607628
13964.282, -80.989090
13975.049, -81.403595
13985.815, -81.845062
13996.582, -82.305153
14007.349, -82.773384
14018.115, -83.237350
14028.882, -83.683556
14039.648, -84.098068
14050.415, -84.467827
14061.182, -84.781654
14071.948, -85.031013
14082.715, -85.210091
14093.481, -85.315628
14104.248, -85.346298
14115.015, -85.302444
14125.781, -85.186272
14136.548, -85.002197
14147.314, -84.757347
14158.081, -84.461876
14168.848, -84.128479
14179.614, -83.771523
14190.381, -83.405968
14201.147, -83.046326
14211.914, -82.705742
14222.681, -82.395767
14233.447, -82.125954
14244.214, -81.904182
14254.980, -81.736740
14265.747, -81.628654
14276.514, -81.583832
14287.280, -81.605354
14298.047, -81.695610
14308.813, -81.856483
14319.580, -82.089355
14330.347, -82.395157
14341.113, -82.774437
14351.880, -83.227158
14362.646, -83.752731
14373.413, -84.349922
14384.180, -85.016754
14394.946, -85.750099
14405.713, -86.545677
14416.479, -87.397202
14427.246, -88.294159
14438.013, -89.217117
14448.779, -90.127167
14459.546, -90.947083
14470.312, -91.540703
14481.079, -91.722618
14491.846, -91.348083
14502.612, -90.433601
14513.379, -89.149185
14524.146, -87.691536
14534.912, -86.200447
14545.679, -84.752594
14556.445, -83.383911
14567.212, -82.108330
14577.979, -80.929192
14588.745, -79.844948
14599.512, -78.851952
14610.278, -77.945908
14621.045, -77.122398
14631.812, -76.377167
14642.578, -75.706337
14653.345, -75.106361
14664.111, -74.573997
14674.878, -74.106339
14685.645, -73.700752
14696.411, -73.354797
14707.178, -73.066269
14717.944, -72.833076
14728.711, -72.653221
14739.478, -72.524719
14750.244, -72.445580
14761.011, -72.413673
14771.777, -72.426666
14782.544, -72.481918
14793.311, -72.576378
14804.077, -72.706413
14814.844, -72.867668
14825.610, -73.054985
14836.377, -73.262177
14847.144, -73.482018
14857.910, -73.706329
14868.677, -73.926094
14879.443, -74.131966
14890.210, -74.314774
14900.977, -74.466446
14911.743, -74.580811
14922.510, -74.654327
14933.276, -74.686440
14944.043, -74.679626
14954.810, -74.638863
14965.576, -74.570854
14976.343, -74.483154
14987.109, -74.383476
14997.876, -74.278961
15008.643, -74.176010
15019.409, -74.079895
15030.176, -73.994949
15040.942, -73.924522
15051.709, -73.871239
15062.476, -73.837097
15073.242, -73.823624
15084.009, -73.832054
15094.775, -73.863510
15105.542, -73.918991
15116.309, -73.999580
15127.075, -74.106483
15137.842, -74.241035
15148.608, -74.404816
15159.375, -74.599625
15170.142, -74.827538
15180.908, -75.090866
15191.675, -75.392250
15202.441, -75.734657
15213.208, -76.121315
15223.975, -76.555923
15234.741, -77.042557
15245.508, -77.585800
15256.274, -78.190849
15267.041, -78.863571
15277.808, -79.610710
15288.574, -80.439964
15299.341, -81.360214
15310.107, -82.381416
15320.874, -83.514450
15331.641, -84.769722
15342.407, -86.154366
15353.174, -87.663696
15363.940, -89.261902
15374.707, -90.843750
15385.474, -92.185303
15396.240, -92.974449
15407.007, -93.040428
15417.773, -92.543663
15428.540, -91.796646
15439.307, -91.028992
15450.073, -90.350098
15460.840, -89.797180
15471.606, -89.375282
15482.373, -89.076180
15493.140, -88.887390
15503.906, -88.795013
15514.673, -88.784981
15525.439, -88.843140
15536.206, -88.956055
15546.973, -89.110542
15557.739, -89.294777
15568.506, -89.499443
15579.272, -89.718559
15590.039, -89.950851
15600.806, -90.200745
15611.572, -90.478722
15622.339, -90.801315
15633.105, -91.191422
15643.872, -91.677956
15654.639, -92.296913
15665.405, -93.093658
15676.172, -94.124718
15686.938, -95.455894
15697.705, -97.130890
15708.472, -98.995018
15719.238, -100.112419
15730.005, -99.005508
15740.771, -96.371048
15751.538, -93.637276
15762.305, -91.232971
15773.071, -89.171219
15783.838, -87.394264
15794.604, -85.847031
15805.371, -84.487061
15816.138, -83.282822
15826.904, -82.210808
15837.671, -81.253166
15848.438, -80.396172
15859.204, -79.629044
15869.971, -78.943192
15880.737, -78.331619
15891.504, -77.788673
15902.271, -77.309586
15913.037, -76.890450
15923.804, -76.527916
15934.570, -76.219185
15945.337, -75.961884
15956.104, -75.753944
15966.870, -75.593658
15977.637, -75.479561
15988.403, -75.410439
15999.170, -75.385292
16009.937, -75.403290
16020.703, -75.463799
16031.470, -75.566429
16042.236, -75.710892
16053.003, -75.897110
16063.770, -76.125221
16074.536, -76.395546
16085.303, -76.708649
16096.069, -77.065300
16106.836, -77.466621
16117.603, -77.913971
16128.369, -78.409172
16139.136, -78.954391
16149.902, -79.552391
16160.669, -80.206566
16171.436, -80.921043
16182.202, -81.701073
16192.969, -82.553040
16203.735, -83.485069
16214.502, -84.507355
16225.269, -85.633209
16236.035, -86.879921
16246.802, -88.270569
16257.568, -89.836739
16268.335, -91.621666
16279.102, -93.685692
16289.868, -96.105652
16300.635, -98.938980
16311.401, -101.968575
16322.168, -103.846954
16332.935, -103.006027
16343.701, -100.950203
16354.468, -99.073540
16365.234, -97.607269
16376.001, -96.493584
16386.768, -95.648216
16397.534, -94.999474
16408.301, -94.486473
16419.067, -94.053856
16429.834, -93.647522
16440.601, -93.215546
16451.367, -92.711655
16462.134, -92.103691
16472.900, -91.379738
16483.667, -90.549492
16494.434, -89.637794
16505.200, -88.676720
16515.967, -87.696800
16526.733, -86.723381
16537.500, -85.775146
16548.267, -84.864868
16559.033, -84.000839
16569.800, -83.187943
16580.566, -82.428902
16591.333, -81.725136
16602.100, -81.077156
16612.866, -80.484978
16623.633, -79.948555
16634.399, -79.467636
16645.166, -79.042152
16655.933, -78.672150
16666.699, -78.357864
16677.466, -78.099785
16688.232, -77.898697
16698.999, -77.755684
16709.766, -77.672203
16720.532, -77.650124
16731.299, -77.691826
16742.065, -77.800255
16752.832, -77.979034
16763.599, -78.232651
16774.365, -78.566673
16785.132, -78.987900
16795.898, -79.504837
16806.665, -80.128151
16817.432, -80.871048
16828.198, -81.750092
16838.965, -82.785461
16849.731, -84.000092
16860.498, -85.414505
16871.265, -87.026886
16882.031, -88.750198
16892.798, -90.261765
16903.564, -90.911880
16914.331, -90.304909
16925.098, -88.906227
16935.864, -87.344254
16946.631, -85.910110
16957.397, -84.677818
16968.164, -83.645485
16978.931, -82.792061
16989.697, -82.094971
17000.464, -81.534485
17011.230, -81.094498
17021.997, -80.761932
17032.764, -80.526176
17043.530, -80.378555
17054.297, -80.311737
17065.063, -80.319489
17075.830, -80.396278
17086.597, -80.537109
17097.363, -80.737236
17108.130, -80.992073
17118.896, -81.297081
17129.663, -81.647697
17140.430, -82.039276
17151.196, -82.467194
17161.963, -82.926849
17172.729, -83.414001
17183.496, -83.924774
17194.263, -84.456139
17205.029, -85.006035
17215.796, -85.573753
17226.562, -86.159782
17237.329, -86.766220
17248.096, -87.396034
17258.862, -88.053360
17269.629, -88.742271
17280.396, -89.466599
17291.162, -90.228714
17301.929, -91.028465
17312.695, -91.861656
17323.462, -92.717781
17334.229, -93.578033
17344.995, -94.413109
17355.762, -95.183586
17366.528, -95.842827
17377.295, -96.346260
17388.062, -96.663757
17398.828, -96.787415
17409.595, -96.731453
17420.361, -96.521950
17431.128, -96.186485
17441.895, -95.748222
17452.661, -95.224648
17463.428, -94.631165
17474.194, -93.983177
17484.961, -93.297661
17495.728, -92.593178
17506.494, -91.888397
17517.261, -91.200233
17528.027, -90.543541
17538.794, -89.930367
17549.561, -89.369911
17560.327, -88.869064
17571.094, -88.432831
17581.860, -88.064667
17592.627, -87.766762
17603.394, -87.540535
17614.160, -87.386642
17624.927, -87.304878
17635.693, -87.294296
17646.460, -87.352455
17657.227, -87.474953
17667.993, -87.654076
17678.760, -87.877907
17689.526, -88.127274
17700.293, -88.374275
17711.060, -88.580765
17721.826, -88.700294
17732.593, -88.685478
17743.359, -88.500862
17754.126, -88.135658
17764.893, -87.607597
17775.659, -86.955200
17786.426, -86.224220
17797.192, -85.456024
17807.959, -84.682793
17818.726, -83.926552
17829.492, -83.201302
17840.259, -82.514915
17851.025, -81.871338
17861.792, -81.272125
17872.559, -80.717072
17883.325, -80.205315
17894.092, -79.735489
17904.858, -79.306007
17915.625, -78.915428
17926.392, -78.562294
17937.158, -78.245407
17947.925, -77.963760
17958.691, -77.716606
17969.458, -77.503380
17980.225, -77.323883
17990.991, -77.178047
18001.758, -77.066086
18012.524, -76.988487
18023.291, -76.945847
18034.058, -76.939125
18044.824, -76.969429
18055.591, -77.038048
18066.357, -77.146545
18077.124, -77.296722
18087.891, -77.490562
18098.657, -77.730392
18109.424, -78.018814
18120.190, -78.358665
18130.957, -78.753418
18141.724, -79.206795
18152.490, -79.723114
18163.257, -80.307350
18174.023, -80.965286
18184.790, -81.703476
18195.557, -82.529373
18206.323, -83.451157
18217.090, -84.477509
18227.856, -85.615517
18238.623, -86.867302
18249.390, -88.220863
18260.156, -89.630287
18270.923, -90.980423
18281.689, -92.052101
18292.456, -92.572594
18303.223, -92.418686
18313.989, -91.744980
18324.756, -90.820740
18335.522, -89.843414
18346.289, -88.909973
18357.056, -88.053528
18367.822, -87.278313
18378.589, -86.575966
18389.355, -85.934814
18400.122, -85.343475
18410.889, -84.791756
18421.655, -84.271858
18432.422, -83.778229
18443.188, -83.307549
18453.955, -82.858185
18464.722, -82.430199
18475.488, -82.024498
18486.255, -81.642784
18497.021, -81.287056
18507.788, -80.959381
18518.555, -80.661751
18529.321, -80.395966
18540.088, -80.163383
18550.854, -79.965187
18561.621, -79.802170
18572.388, -79.674835
18583.154, -79.583328
18593.921, -79.527451
18604.688, -79.506798
18615.454, -79.520508
18626.221, -79.567543
18636.987, -79.646339
18647.754, -79.755020
18658.521, -79.891205
18669.287, -80.051964
18680.054, -80.233749
18690.820, -80.432373
18701.587, -80.642868
18712.354, -80.859535
18723.120, -81.075920
18733.887, -81.285141
18744.653, -81.479897
18755.420, -81.653069
18766.187, -81.797989
18776.953, -81.909309
18787.720, -81.983208
18798.486, -82.018051
18809.253, -82.014236
18820.020, -81.974602
18830.786, -81.903580
18841.553, -81.807114
18852.319, -81.691856
18863.086, -81.564911
18873.853, -81.433319
18884.619, -81.303749
18895.386, -81.182426
18906.152, -81.075142
18916.919, -80.987114
18927.686, -80.923096
18938.452, -80.887474
18949.219, -80.884338
18959.985, -80.917587
18970.752, -80.990868
18981.519, -81.107918
18992.285, -81.272400
19003.052, -81.488045
19013.818, -81.758690
19024.585, -82.088394
19035.352, -82.481293
19046.118, -82.941727
19056.885, -83.473984
19067.651, -84.082153
19078.418, -84.769333
19089.185, -85.536766
19099.951, -86.381401
19110.718, -87.292267
19121.484, -88.244057
19132.251, -89.188286
19143.018, -90.045036
19153.784, -90.707260
19164.551, -91.073479
19175.317, -91.101280
19186.084, -90.837326
19196.851, -90.385132
19207.617, -89.850830
19218.384, -89.312599
19229.150, -88.816879
19239.917, -88.386925
19250.684, -88.031052
19261.450, -87.748650
19272.217, -87.533844
19282.983, -87.377174
19293.750, -87.266563
19304.517, -87.188019
19315.283, -87.125824
19326.050, -87.064232
19336.816, -86.988091
19347.583, -86.884850
19358.350, -86.745850
19369.116, -86.568192
19379.883, -86.354156
19390.649, -86.111015
19401.416, -85.849083
19412.183, -85.580414
19422.949, -85.317101
19433.716, -85.070129
19444.482, -84.849182
19455.249, -84.662109
19466.016, -84.515343
19476.782, -84.413986
19487.549, -84.362167
19498.315, -84.363411
19509.082, -84.420837
19519.849, -84.537399
19530.615, -84.716393
19541.382, -84.961395
19552.148, -85.276817
19562.915, -85.668144
19573.682, -86.142220
19584.448, -86.708092
19595.215, -87.377296
19605.981, -88.165306
19616.748, -89.092827
19627.515, -90.187729
19638.281, -91.488205
19649.048, -93.044647
19659.814, -94.916695
19670.581, -97.130821
19681.348, -99.462929
19692.114, -100.821533
19702.881, -99.900681
19713.647, -97.696518
19724.414, -95.497864
19735.181, -93.636452
19745.947, -92.106880
19756.714, -90.851997
19767.480, -89.819832
19778.247, -88.970886
19789.014, -88.275467
19799.780, -87.710922
19810.547, -87.259583
19821.313, -86.905769
19832.080, -86.634926
19842.847, -86.431602
19853.613, -86.278351
19864.380, -86.154327
19875.146, -86.034454
19885.913, -85.890030
19896.680, -85.690849
19907.446, -85.409683
19918.213, -85.027847
19928.979, -84.539970
19939.746, -83.955193
19950.513, -83.293900
19961.279, -82.581879
19972.046, -81.845406
19982.812, -81.107239
19993.579, -80.385384
20004.346, -79.692978
20015.112, -79.039116
20025.879, -78.429779
20036.646, -77.868561
20047.412, -77.357346
20058.179, -76.897072
20068.945, -76.487701
20079.712, -76.128906
20090.479, -75.819763
20101.245, -75.559311
20112.012, -75.346207
20122.778, -75.179031
20133.545, -75.056084
20144.312, -74.975517
20155.078, -74.935120
20165.845, -74.932373
20176.611, -74.964378
20187.378, -75.027718
20198.145, -75.118462
20208.911, -75.232109
20219.678, -75.363487
20230.444, -75.506981
20241.211, -75.656517
20251.978, -75.805824
20262.744, -75.948875
20273.511, -76.080154
20284.277, -76.195198
20295.044, -76.291084
20305.811, -76.366508
20316.577, -76.422043
20327.344, -76.459976
20338.110, -76.484016
20348.877, -76.498955
20359.644, -76.509895
20370.410, -76.522293
20381.177, -76.541138
20391.943, -76.570908
20402.710, -76.615646
20413.477, -76.678322
20424.243, -76.761444
20435.010, -76.866531
20445.776, -76.994881
20456.543, -77.146858
20467.310, -77.322739
20478.076, -77.522072
20488.843, -77.744797
20499.609, -77.990158
20510.376, -78.257957
20521.143, -78.547653
20531.909, -78.859581
20542.676, -79.194221
20553.442, -79.552658
20564.209, -79.936829
20574.976, -80.349213
20585.742, -80.793205
20596.509, -81.273026
20607.275, -81.794037
20618.042, -82.362343
20628.809, -82.985123
20639.575, -83.671021
20650.342, -84.429268
20661.108, -85.271683
20671.875, -86.210068
20682.642, -87.258965
20693.408, -88.432259
20704.175, -89.741119
20714.941, -91.184891
20725.708, -92.728279
20736.475, -94.254532
20747.241, -95.498985
20758.008, -96.096512
20768.774, -95.886314
20779.541, -95.112701
20790.308, -94.140915
20801.074, -93.202263
20811.841, -92.394012
20822.607, -91.745682
20833.374, -91.258774
20844.141, -90.926750
20854.907, -90.740913
20865.674, -90.693443
20876.440, -90.777802
20887.207, -90.987892
20897.974, -91.316780
20908.740, -91.754318
20919.507, -92.282654
20930.273, -92.868439
20941.040, -93.455170
20951.807, -93.952316
20962.573, -94.244827
20973.340, -94.229469
20984.106, -93.871895
20994.873, -93.230461
21005.640, -92.413231
21016.406, -91.526169
21027.173, -90.642334
21037.939, -89.804581
21048.706, -89.033562
21059.473, -88.337402
21070.239, -87.716988
21081.006, -87.169762
21091.772, -86.691223
21102.539, -86.276649
21113.306, -85.920853
21124.072, -85.618904
21134.839, -85.365829
21145.605, -85.157188
21156.372, -84.988342
21167.139, -84.855125
21177.905, -84.753380
21188.672, -84.679459
21199.438, -84.629417
21210.205, -84.599884
21220.972, -84.587540
21231.738, -84.589333
21242.505, -84.602585
21253.271, -84.624916
21264.038, -84.654106
21274.805, -84.688744
21285.571, -84.727486
21296.338, -84.769272
21307.104, -84.813751
21317.871, -84.860596
21328.638, -84.909561
21339.404, -84.960976
21350.171, -85.014648
21360.938, -85.071007
21371.704, -85.129761
21382.471, -85.191002
21393.237, -85.254234
21404.004, -85.319061
21414.771, -85.384453
21425.537, -85.449661
21436.304, -85.513199
21447.070, -85.573921
21457.837, -85.630081
21468.604, -85.680237
21479.370, -85.723000
21490.137, -85.756805
21500.903, -85.780739
21511.670, -85.793854
21522.437, -85.795540
21533.203, -85.786034
21543.970, -85.765472
21554.736, -85.734772
21565.503, -85.695152
21576.270, -85.648155
21587.036, -85.595703
21597.803, -85.539940
21608.569, -85.482918
21619.336, -85.427002
21630.103, -85.374184
21640.869, -85.326500
21651.636, -85.285538
21662.402, -85.252670
21673.169, -85.228676
21683.936, -85.214096
21694.702, -85.208710
21705.469, -85.211967
21716.235, -85.222679
21727.002, -85.239311
21737.769, -85.259895
21748.535, -85.282402
21759.302, -85.304657
21770.068, -85.324982
21780.835, -85.342072
21791.602, -85.355453
21802.368, -85.365837
21813.135, -85.374916
21823.901, -85.385445
21834.668, -85.401665
21845.435, -85.428406
21856.201, -85.471748
21866.968, -85.538101
21877.734, -85.634392
21888.501, -85.767982
21899.268, -85.946396
21910.034, -86.177605
21920.801, -86.469955
21931.567, -86.832169
21942.334, -87.274055
21953.101, -87.805870
21963.867, -88.439499
21974.634, -89.187630
21985.400, -90.062874
21996.167, -91.075256
22006.934, -92.224030
22017.700, -93.477142
22028.467, -94.728325
22039.233, -95.733452
